Top pages,Clicks,Impressions,CTR,Position
https://macbrownflyfish.com/,278,4846,5.74%,11.28
https://macbrownflyfish.com/wp-content/uploads/2010/12/leader-formulas.pdf,155,2827,5.48%,7.63
https://macbrownflyfish.com/smoky-mountains-trout-fishing-guide-trips/fly-fishing-reports/,81,2185,3.71%,8.22
https://macbrownflyfish.com/fly-fishing-guide-school/,57,1357,4.2%,10.8
https://macbrownflyfish.com/fly-casting-terms/fly-casting-definitions-glossary-terminology/,53,7347,0.72%,9.56
https://macbrownflyfish.com/trout-fishing-nc-destinations/best-trout-fishing-seasons-smokies/,53,3780,1.4%,8.97
https://macbrownflyfish.com/meet-our-guides/,52,569,9.14%,4.37
https://macbrownflyfish.com/learn-leader-construction/learn-leader-construction/,50,3266,1.53%,8.62
https://macbrownflyfish.com/highlands-nc-fly-fishing-trips/,43,1706,2.52%,9.94
https://macbrownflyfish.com/kids-trout-fishing-trips/,42,1069,3.93%,10.57
https://macbrownflyfish.com/bryson-city-area-hatch-report/,35,1602,2.18%,8.15
https://macbrownflyfish.com/cherokee-trophy-water-fly-fishing-guided-wade-trips/,28,3173,0.88%,3.86
https://macbrownflyfish.com/fly-rod-attributes/understanding-fly-rod-balance-swing-weight-deflection-continuity-frequency/,27,1557,1.73%,10.9
https://macbrownflyfish.com/casting-angles/,27,543,4.97%,7.23
https://macbrownflyfish.com/nantahala-river-fly-fishing-guided-float-fishing-wade-trips/,25,1739,1.44%,7.98
https://macbrownflyfish.com/understanding-loop-shape-morphing/learn-loop-control-morphing-shapes-created-fly-casting/,23,1555,1.48%,8.84
https://macbrownflyfish.com/deep-creek-trout-fishing-report/deep-creek-fishing-report/,22,1387,1.59%,9.53
https://macbrownflyfish.com/fly-fishing-specialty-classes-show-itinerary/,21,351,5.98%,8.69
https://macbrownflyfish.com/tuckasegee-river-fly-fishing-guided-float-wade-trips-delayed-harvest/,20,721,2.77%,7.51
https://macbrownflyfish.com/fly-casting/forced-turnover-versus-pulling-the-rod-through-in-fly-casting/,19,1085,1.75%,9.35
https://macbrownflyfish.com/franklin-nc-fly-fishing-guide-trips/,18,1184,1.52%,9.23
https://macbrownflyfish.com/smoky-mountain-weekend-fly-fishing-schools/,17,728,2.34%,11.3
https://macbrownflyfish.com/fly-tying/history-mop-fly-mania/,15,2010,0.75%,5.14
https://macbrownflyfish.com/fly-fishing-guide-trips-north-carolina/fly-fishing-lake-trips/,14,1262,1.11%,8.76
https://macbrownflyfish.com/learn-hooksets/learn-to-set-the-hook-fly-fishing-trout/,13,33202,0.04%,8.71
https://macbrownflyfish.com/fly-casting/learn-to-make-a-roll-cast-fly-fishing/,13,1775,0.73%,16.54
https://macbrownflyfish.com/fly-casting-training-course/,13,790,1.65%,10.56
https://macbrownflyfish.com/category/streamer-fishing/,13,495,2.63%,7.11
https://macbrownflyfish.com/fly-fishing-definitions/fly-fishing-terms-glossary-definitions/,12,4393,0.27%,10.4
https://macbrownflyfish.com/tuckasegee-river-fly-fishing/tuckasegee-fly-fishing-report-2016/,12,938,1.28%,8.77
https://macbrownflyfish.com/learn-hooksets/barbless-hooks-increase-your-catch/,11,3438,0.32%,8.73
https://macbrownflyfish.com/fly-rod-attributes/understanding-fly-rod-actions-modulus-rod-feel-dampening/,11,1040,1.06%,8.07
https://macbrownflyfish.com/fly-fishing-guide-trips-north-carolina/fly-fishing-schools/,11,820,1.34%,17.04
https://macbrownflyfish.com/fly-fishing-guide-trips-north-carolina/trout-fishing-back-country-trips/,11,751,1.46%,17.67
https://macbrownflyfish.com/tuckasegee-river-fly-fishing/learn-fly-fish-black-caddis-hatch-tuckasegee-river/,11,646,1.7%,8.58
https://macbrownflyfish.com/fly-casting/improve-tracking-fly-casting-accuracy/,11,502,2.19%,9.15
https://macbrownflyfish.com/fly-casting/learn-curve-casts/,10,2701,0.37%,6.92
https://macbrownflyfish.com/understanding-loop-shape-morphing/fly-line-loops-accuracy/,10,1499,0.67%,10.41
https://macbrownflyfish.com/fly-line-double-haul/learning-the-double-haul/,10,1347,0.74%,11.38
https://macbrownflyfish.com/beginner-fly-fishing-lessons-courses-school-instruction-trout-fishing-bryson-city-nc/,9,368,2.45%,22.12
https://macbrownflyfish.com/fly-fishing-guide-trips-north-carolina/fly-casting-instruction/learn-fly-cast-live-video-instructional-lesson/,9,214,4.21%,9.25
https://macbrownflyfish.com/smoky-mountain-lakes/learn-catch-trout-fly-fishing-lakes-stillwaters-ponds-lochs/,8,1314,0.61%,18.59
https://macbrownflyfish.com/testimonials-kudos/,8,589,1.36%,9.48
https://macbrownflyfish.com/bio-mac-brown/,8,498,1.61%,6.37
https://macbrownflyfish.com/trout-fishing-report-bryson-city-nc/epic-trout-fishing-may-bryson-city-nc/,8,351,2.28%,12.48
https://macbrownflyfish.com/category/fly-fishing-nantahala-river/,7,1113,0.63%,12.08
https://macbrownflyfish.com/fly-fishing-techniques/get-drag-free-drift-fly-fishing/,7,1079,0.65%,10.39
https://macbrownflyfish.com/fly-casting/understand-rod-acceleration/,7,935,0.75%,7.21
https://macbrownflyfish.com/streamer-fishing/articulated-sculpin/,7,846,0.83%,15
https://macbrownflyfish.com/fly-casting/standardization-fly-casting/,7,388,1.8%,13.87
https://macbrownflyfish.com/streamer-fishing/nantahala-river-streamer-fishing/,7,198,3.54%,18.76
https://macbrownflyfish.com/nymph-fishing/learn-tight-line-techniques-euro-nymphing/,6,1108,0.54%,9.9
https://macbrownflyfish.com/fly-fishing-techniques/myths-on-rods-and-tippet-for-fly-fishing/,6,533,1.13%,14.96
https://macbrownflyfish.com/dry-fly-fishing/thoughts-on-dry-fly-fishing/,6,489,1.23%,10.67
https://macbrownflyfish.com/streamer-fishing/a-few-thoughts-on-streamer-fishing/,6,368,1.63%,5.67
https://macbrownflyfish.com/fly-fishers-international-conclave/fly-casting-instruction/,6,341,1.76%,24.03
https://macbrownflyfish.com/fly-fishing-guide-trips-north-carolina/fly-casting-instruction/,6,283,2.12%,9.75
https://macbrownflyfish.com/cashiers-nc-guided-trout-fishing/,6,267,2.25%,11.81
https://macbrownflyfish.com/learn-to-fly-fish/,6,235,2.55%,18.96
https://macbrownflyfish.com/line-retrieval-methods/fly-fishing-line-retrieval-techniques/,5,1807,0.28%,7.16
https://macbrownflyfish.com/wp-content/uploads/2018/06/ci_test_2015_web.pdf,5,170,2.94%,9.48
https://macbrownflyfish.com/fly-fishing-shows/fly-fishing-instruction-lessons-casting-raleigh-nc/,5,149,3.36%,16.13
https://macbrownflyfish.com/fly-fishers-complete-a-z-boot-camp/,5,113,4.42%,19.77
https://macbrownflyfish.com/category/upper-nantahala-river-fly-fishing-report/,5,98,5.1%,20.11
https://macbrownflyfish.com/nymph-fishing/learning-to-nymph-fish/,4,1051,0.38%,8.85
https://macbrownflyfish.com/fly-casting-model/casting-model/,4,312,1.28%,11.12
https://macbrownflyfish.com/upper-nantahala-river-fly-fishing-report/upper-nantahala-river-fly-fishing-report/,4,303,1.32%,13.94
https://macbrownflyfish.com/fly-casting/5-essentials-fly-casting/,4,233,1.72%,11.44
https://macbrownflyfish.com/fly-tying/pheasant-tail-droppers/,4,223,1.79%,6.24
https://macbrownflyfish.com/wnc-fly-fishing-trail/,3,507,0.59%,13.57
https://macbrownflyfish.com/fly-casting/successful-training/,3,327,0.92%,11.21
https://macbrownflyfish.com/trout-fishing-nc-destinations/highlands-nc-fly-fishing-guide/,3,235,1.28%,18.1
https://macbrownflyfish.com/category/tuckasegee-river-fly-fishing/,3,167,1.8%,20.4
https://macbrownflyfish.com/mcleods-highland-fly-fishing/,3,108,2.78%,12.37
https://macbrownflyfish.com/category/fly-casting/,3,84,3.57%,10.17
https://macbrownflyfish.com/category/fly-fishers-international-conclave/,3,81,3.7%,12.26
https://macbrownflyfish.com/waiver-form/,3,66,4.55%,4.73
https://macbrownflyfish.com/nc-oar-frame-rowing-school-smokies/,3,60,5%,22.35
https://macbrownflyfish.com/tag/leslie-holmes/,3,42,7.14%,8.1
https://macbrownflyfish.com/contact-fly-fishing-guided-trips-bryson-city-nc/,2,540,0.37%,51.52
https://macbrownflyfish.com/mac-brown-fly-fish-trucker-hats/,2,453,0.44%,26.62
https://macbrownflyfish.com/trout-fishing-nc/,2,421,0.48%,28.98
https://macbrownflyfish.com/fly-fishing-techniques/cross-over-techniques-fly-fishing-for-trout/,2,312,0.64%,10.47
https://macbrownflyfish.com/fly-fishing-nantahala-river/nantahala-river-fly-fishing-report/,2,306,0.65%,19.93
https://macbrownflyfish.com/fly-fishing-guide-trips-north-carolina/fly-fishing-guided-float-trips/,2,288,0.69%,22.22
https://macbrownflyfish.com/north-carolina-trout-fishing-trips/tuckasegee-river-delayed-harvest-trout-fishing/,2,199,1.01%,12.2
https://macbrownflyfish.com/teaching-fly-casting/observations-instruct-teach-fly-casting-lessons/,2,112,1.79%,9.92
https://macbrownflyfish.com/category/fly-tying/,2,110,1.82%,6.27
https://macbrownflyfish.com/category/deep-creek-trout-fishing-report/,2,89,2.25%,26.02
https://macbrownflyfish.com/meet-our-fly-fishing-guide-school-instructors/,2,71,2.82%,17.94
https://macbrownflyfish.com/tag/bumgarner-bend/,2,19,10.53%,11.32
https://macbrownflyfish.com/tag/caroline-gatti-bono/,2,18,11.11%,21.89
https://macbrownflyfish.com/asheville-nc-guided-trout-fishing-trips/,1,887,0.11%,37.42
https://macbrownflyfish.com/fly-casting/roll-cast-efficiency/,1,608,0.16%,25.28
https://macbrownflyfish.com/fly-fishing-smokies/fly-fishing-tips-catch-more-winter-trout/,1,413,0.24%,23.22
https://macbrownflyfish.com/fly-fishing-guide-trips-north-carolina/,1,226,0.44%,22.89
https://macbrownflyfish.com/smoky-mountain-trout-fishing/fly-fishers-it-is-not-about-your-fly/,1,220,0.45%,10.6
https://macbrownflyfish.com/tippet-study/comprehensive-university-tippet-study/,1,184,0.54%,11.37
https://macbrownflyfish.com/smoky-mountains-trout-fishing-guide-trips/,1,167,0.6%,30.56
https://macbrownflyfish.com/tag/kelly-galloup/,1,164,0.61%,11.88
https://macbrownflyfish.com/fly-fishing-complete-skills-camp-mountain-home-ar/,1,140,0.71%,12.98
https://macbrownflyfish.com/tag/paul-arden/,1,72,1.39%,13.32
https://macbrownflyfish.com/teaching-fly-casting/memoirs-teaching-fly-casting/,1,56,1.79%,19.36
https://macbrownflyfish.com/tag/pantomime/,1,32,3.12%,5.97
https://macbrownflyfish.com/tag/maxine-mccormick/,1,26,3.85%,23
https://macbrownflyfish.com/tag/al-buhr/,1,23,4.35%,14.74
https://macbrownflyfish.com/tag/vector-pull-line-retrieval/,1,23,4.35%,22.43
https://macbrownflyfish.com/tag/david-lambert/,1,22,4.55%,13.86
https://macbrownflyfish.com/tag/jim-green/page/2/,1,17,5.88%,33.59
https://macbrownflyfish.com/tag/eric-cook/,1,16,6.25%,11.38
https://macbrownflyfish.com/fly-fishing-guide-school/?amp,1,3,33.33%,1
https://macbrownflyfish.com/tag/ben-dixon/,1,2,50%,6
https://macbrownflyfish.com/tag/mono-magnified-photos/,1,1,100%,2
https://macbrownflyfish.com/learn-fly-fishing/learn-crack-code-trout-fishing/,0,393,0%,11.28
https://macbrownflyfish.com/dry-fly-fishing/figure-out-matching-hatches-fly-fishing/,0,313,0%,12.82
https://macbrownflyfish.com/learn-fly-fishing/learn-fly-fish-nc-poem/,0,259,0%,11.99
https://macbrownflyfish.com/fly-casting/synergy-and-fly-casting/,0,250,0%,9.51
https://macbrownflyfish.com/teaching-fly-casting/understanding-fly-fishers-triad/,0,191,0%,11.99
https://macbrownflyfish.com/trout-fishing-nc-destinations/fly-fishing-lessons-beginners/,0,171,0%,18.8
https://macbrownflyfish.com/fly-fishing-guide-trips-north-carolina/lake-fishing-trout/,0,163,0%,11.66
https://macbrownflyfish.com/fly-fishing-guide-trips-north-carolina/wade-fishing/,0,162,0%,26.21
https://macbrownflyfish.com/bryson-city-nc-guided-fly-fishing/,0,132,0%,48.1
https://macbrownflyfish.com/fly-fishing-smokies/making-fly-fishing-memories-one-guided-trout-fishing-trip/,0,125,0%,15.35
https://macbrownflyfish.com/fly-casting/learn-to-cast-a-switch-rod/,0,121,0%,16.79
https://macbrownflyfish.com/tuckasegee-river-fly-fishing/best-winter-fly-fishing/,0,108,0%,18.49
https://macbrownflyfish.com/fly-fishing-smokies/how-to-choose-a-fly-fishing-guided-trip-in-nc/,0,103,0%,19.33
https://macbrownflyfish.com/learn-fly-fishing/fall-fly-fishing-invasion-north-carolina/,0,95,0%,19.96
https://macbrownflyfish.com/fly-rod-attributes/considerations-choosing-fly-rod/,0,85,0%,20.88
https://macbrownflyfish.com/tag/rod-pointing/,0,77,0%,10.83
https://macbrownflyfish.com/category/understanding-loop-shape-morphing/,0,75,0%,14.32
https://macbrownflyfish.com/about-mac-brown-fly-fish/,0,74,0%,13.35
https://macbrownflyfish.com/fly-fishing-guide-trips-north-carolina/group-corporate-fly-fishing-trips/,0,70,0%,34.34
https://macbrownflyfish.com/fly-casting/understanding-loop-plane/,0,69,0%,12.78
https://macbrownflyfish.com/dry-fly-fishing/learn-to-hammer-trout-with-dry-fly-techniques/,0,60,0%,19.63
https://macbrownflyfish.com/tag/cullasaja-river/,0,56,0%,6.27
https://macbrownflyfish.com/fly-casting-terms/instructor-observation-on-substance-style/,0,48,0%,23.42
https://macbrownflyfish.com/trout-fishing-report-bryson-city-nc/fly-fishing-report-bryson-city-nc/,0,48,0%,57.81
https://macbrownflyfish.com/tag/brian-deloach/,0,47,0%,12.72
https://macbrownflyfish.com/blog-post/,0,45,0%,7.2
https://macbrownflyfish.com/tag/randi-swisher/,0,43,0%,7.35
https://macbrownflyfish.com/tag/steve-rajeff/,0,42,0%,11.43
https://macbrownflyfish.com/tag/paul-bourcq/,0,37,0%,13.76
https://macbrownflyfish.com/tag/noel-perkins/,0,31,0%,8.29
https://macbrownflyfish.com/sponsors/,0,31,0%,16.68
https://macbrownflyfish.com/category/fly-rod-attributes/,0,27,0%,13.41
https://macbrownflyfish.com/tag/transverse-waves/,0,25,0%,9.44
https://macbrownflyfish.com/tag/jim-estes/,0,24,0%,15.58
https://macbrownflyfish.com/tag/creep/,0,23,0%,3.74
https://macbrownflyfish.com/tag/spanish-nymphing/,0,23,0%,17.04
https://macbrownflyfish.com/tag/three-point-grip/,0,23,0%,20.91
https://macbrownflyfish.com/category/nymph-fishing/,0,22,0%,26.91
https://macbrownflyfish.com/tag/euro-nymphing/,0,18,0%,20.78
https://macbrownflyfish.com/fly-line-study/comprehensive-university-fly-line-study/,0,16,0%,9.75
https://macbrownflyfish.com/tag/gordy-hill/,0,14,0%,10.07
https://macbrownflyfish.com/tag/tom-rueping/,0,14,0%,12.21
https://macbrownflyfish.com/tag/henk-verhaar/,0,14,0%,13.79
https://macbrownflyfish.com/tag/george-forster/,0,11,0%,7.27
https://macbrownflyfish.com/fly-fishing-nantahala-river/creel-study-for-upper-nantahala-river-1996/,0,11,0%,15.18
https://macbrownflyfish.com/tag/mack-martin/,0,11,0%,17.55
https://macbrownflyfish.com/fly-fishing-guide-trips-north-carolina/destination-trips/,0,9,0%,12.33
https://macbrownflyfish.com/tag/dusty-sprague/,0,8,0%,6.88
https://macbrownflyfish.com/tag/al-buhr/page/2/,0,8,0%,27.62
https://macbrownflyfish.com/tag/ffi-casting-certification/,0,8,0%,32.25
https://macbrownflyfish.com/tag/leon-chandler/,0,8,0%,33.12
https://macbrownflyfish.com/tag/jason-borger/,0,7,0%,24.86
https://macbrownflyfish.com/tag/nick-saban/,0,6,0%,7.33
https://macbrownflyfish.com/tag/josh-stephens/,0,5,0%,4
https://macbrownflyfish.com/tag/zinger/,0,5,0%,6
https://macbrownflyfish.com/tag/open-stance/,0,5,0%,8
https://macbrownflyfish.com/tag/charlie-craven/,0,5,0%,8.4
https://macbrownflyfish.com/tag/sexyloops/,0,5,0%,9
https://macbrownflyfish.com/tag/mangus-angus/,0,5,0%,9.4
https://macbrownflyfish.com/tag/aerial-mends/,0,5,0%,17.2
https://macbrownflyfish.com/tag/frogs-fanny/,0,5,0%,22.6
https://macbrownflyfish.com/tag/dave-whitlock-line-splice/,0,5,0%,44.8
https://macbrownflyfish.com/tag/fly-leg-of-the-loop/,0,5,0%,82
https://macbrownflyfish.com/category/trout-fishing-report-bryson-city-nc/,0,5,0%,88.8
https://macbrownflyfish.com/tag/trout-mecca/,0,4,0%,9.75
https://macbrownflyfish.com/wp-content/uploads/2021/01/black-articulated-streamer-300x224.jpg,0,4,0%,13.5
https://macbrownflyfish.com/tag/line-dressing/,0,3,0%,1
https://macbrownflyfish.com/tag/mel-krieger/,0,3,0%,1.67
https://macbrownflyfish.com/wp-content/uploads/2018/01/fly-rod-study-results-wcu-1996.ods,0,3,0%,4
https://macbrownflyfish.com/tag/grunde-lovoll/,0,3,0%,5
https://macbrownflyfish.com/tag/vector-pull-method/,0,3,0%,8.67
https://macbrownflyfish.com/tag/fishing-the-drift/,0,3,0%,9.33
https://macbrownflyfish.com/tag/lefty-kreh/,0,3,0%,18
https://macbrownflyfish.com/tag/bobber-lobbing/,0,3,0%,35.33
https://macbrownflyfish.com/meet-our-guides/?amp,0,2,0%,1
https://macbrownflyfish.com/tag/tailing-rise/,0,2,0%,2.5
https://macbrownflyfish.com/tag/joe-libeu/,0,2,0%,4.5
https://macbrownflyfish.com/tag/davy-wotton/,0,2,0%,6
https://macbrownflyfish.com/tag/fly-rods/,0,2,0%,6.5
https://macbrownflyfish.com/tag/sandi-roberts/,0,2,0%,7
https://macbrownflyfish.com/tag/jeff-wagner/,0,2,0%,8
https://macbrownflyfish.com/tag/fly-fishing-great-smoky-mountains-national-park/,0,2,0%,9
https://macbrownflyfish.com/tag/march-brown/,0,2,0%,9
https://macbrownflyfish.com/tag/fly-rod/,0,2,0%,9.5
https://macbrownflyfish.com/tag/tip-weight-of-fly-rods/,0,2,0%,9.5
https://macbrownflyfish.com/tag/connor-brown/,0,2,0%,10
https://macbrownflyfish.com/tag/coupled-plane-pendula/,0,2,0%,10.5
https://macbrownflyfish.com/tag/lobbing/,0,2,0%,10.5
https://macbrownflyfish.com/wp-content/uploads/2010/12/learn-double-haul-fly-casting.gif,0,2,0%,10.5
https://macbrownflyfish.com/tag/hook-leverage/,0,2,0%,11
https://macbrownflyfish.com/wp-content/uploads/2021/01/super-dry-fly-sedge.jpeg,0,2,0%,12
https://macbrownflyfish.com/blog-post/page/2/,0,2,0%,14
https://macbrownflyfish.com/tag/team-usa-youth-team/,0,2,0%,14.5
https://macbrownflyfish.com/tag/attractor/,0,2,0%,17
https://macbrownflyfish.com/tag/mel-krieger/page/2/,0,2,0%,17
https://macbrownflyfish.com/wp-content/uploads/2010/12/fly-line-knots-coil-problems-stripping-eyelet.gif,0,2,0%,17.5
https://macbrownflyfish.com/fly-fishers-international-conclave/northwest-expo-albany-oregon/,0,2,0%,22
https://macbrownflyfish.com/tag/chris-lee/,0,2,0%,22
https://macbrownflyfish.com/wp-content/uploads/2015/04/mark-lower-nantahala-river-brown-trout.jpg,0,2,0%,28
https://macbrownflyfish.com/wp-content/uploads/2015/04/wpid-img950404-1024x768.jpg,0,2,0%,41
https://macbrownflyfish.com/fly-fishing-guide-trips-north-carolina/fly-fishing-schools/?amp,0,1,0%,1
https://macbrownflyfish.com/fly-fishing-specialty-classes-show-itinerary/?amp,0,1,0%,1
https://macbrownflyfish.com/tag/bryson-city-nc-trout-fishing/page/2/,0,1,0%,1
https://macbrownflyfish.com/wnc-fly-fishing-trail,0,1,0%,1
https://macbrownflyfish.com/tag/fly-fishing-glossary/,0,1,0%,2
https://macbrownflyfish.com/tag/fly-rod-action/,0,1,0%,2
https://macbrownflyfish.com/tag/fly-fishers-triad/,0,1,0%,3
https://macbrownflyfish.com/tag/fly-rod-feel/,0,1,0%,3
https://macbrownflyfish.com/tag/master-casting-instructor/,0,1,0%,3
https://macbrownflyfish.com/tag/casting-terms-for-fly-fishing/,0,1,0%,4
https://macbrownflyfish.com/tag/creel-survey-ncwrc/,0,1,0%,4
https://macbrownflyfish.com/tag/stack-mends/,0,1,0%,4
https://macbrownflyfish.com/tag/double-haul/,0,1,0%,5
https://macbrownflyfish.com/tag/dropper-tags/,0,1,0%,5
https://macbrownflyfish.com/tag/gary-lafontaine/,0,1,0%,5
https://macbrownflyfish.com/tag/leader-length/,0,1,0%,5
https://macbrownflyfish.com/tag/lie/,0,1,0%,5
https://macbrownflyfish.com/tag/tactics/,0,1,0%,5
https://macbrownflyfish.com/tag/university-of-alabama/,0,1,0%,5
https://macbrownflyfish.com/fly-fishing-guide-trips/fall-delayed-harvest-trout-fishing-season-nc/,0,1,0%,6
https://macbrownflyfish.com/tag/aerial-cast/,0,1,0%,6
https://macbrownflyfish.com/tag/al-troth/,0,1,0%,6
https://macbrownflyfish.com/tag/elbow-control/,0,1,0%,6
https://macbrownflyfish.com/tag/fly-fishing-ponds/,0,1,0%,6
https://macbrownflyfish.com/tag/knot-breaking-strength/,0,1,0%,6
https://macbrownflyfish.com/tag/spawn/,0,1,0%,6
https://macbrownflyfish.com/wp-content/uploads/2010/12/hand-twist-retrieve-line-control.gif,0,1,0%,6
https://macbrownflyfish.com/tag/fish-behavior/,0,1,0%,7
https://macbrownflyfish.com/tag/intended-rod-tip-path/,0,1,0%,7
https://macbrownflyfish.com/tag/knotted-leader/,0,1,0%,7
https://macbrownflyfish.com/tag/lay-down/,0,1,0%,7
https://macbrownflyfish.com/tag/six-step-method/,0,1,0%,7
https://macbrownflyfish.com/tag/vector-pull-retrieve/,0,1,0%,7
https://macbrownflyfish.com/wp-content/uploads/2015/03/jim-estes-tan-mop-pattern-great-smoky-mountains-fly-fishing.jpg,0,1,0%,7
https://macbrownflyfish.com/wp-content/uploads/2015/05/20150210_202306-1024x768.jpg,0,1,0%,7
https://macbrownflyfish.com/tag/casting-arc/,0,1,0%,8
https://macbrownflyfish.com/tag/effective-rod-length/,0,1,0%,8
https://macbrownflyfish.com/tag/ramsey-greene/,0,1,0%,8
https://macbrownflyfish.com/wp-content/uploads/2010/12/fly-line-retrieval-vector-pull-technique-mac-brown.gif,0,1,0%,8
https://macbrownflyfish.com/tag/aca/,0,1,0%,9
https://macbrownflyfish.com/tag/australia/,0,1,0%,9
https://macbrownflyfish.com/tag/current-seam/,0,1,0%,9
https://macbrownflyfish.com/tag/delayed-harvest/,0,1,0%,9
https://macbrownflyfish.com/tag/loop-plane/,0,1,0%,9
https://macbrownflyfish.com/tag/roll-cast/,0,1,0%,9
https://macbrownflyfish.com/tag/scientific-anglers/,0,1,0%,9
https://macbrownflyfish.com/tag/bruce-richards/,0,1,0%,10
https://macbrownflyfish.com/tag/d-loop/,0,1,0%,10
https://macbrownflyfish.com/tag/daniel-coyle/,0,1,0%,10
https://macbrownflyfish.com/tag/fly-fisherman-magazine/,0,1,0%,10
https://macbrownflyfish.com/tag/nick-johnson/,0,1,0%,10
https://macbrownflyfish.com/tag/rod-spline/,0,1,0%,10
https://macbrownflyfish.com/tag/daiwl-bach/,0,1,0%,11
https://macbrownflyfish.com/tag/orvis/,0,1,0%,11
https://macbrownflyfish.com/tag/pete-greenan/,0,1,0%,11
https://macbrownflyfish.com/tag/wind-knot/,0,1,0%,11
https://macbrownflyfish.com/wp-content/uploads/2015/04/nantahala-river-kids-fly-fishing-john.jpg,0,1,0%,11
https://macbrownflyfish.com/wp-content/uploads/2018/01/perfect-symmetry-morphing-loop-shapes-dynamics-fly-casting.jpg,0,1,0%,11
https://macbrownflyfish.com/tag/fluffies/,0,1,0%,12
https://macbrownflyfish.com/tag/upstream/,0,1,0%,12
https://macbrownflyfish.com/wp-content/uploads/2015/04/mayfly-spinners-fly-fishing-guided-trips.jpg,0,1,0%,14
https://macbrownflyfish.com/tag/jim-green/,0,1,0%,15
https://macbrownflyfish.com/tag/carl-mcneil/,0,1,0%,16
https://macbrownflyfish.com/wp-content/uploads/2015/04/nantahala-fly-fishing-wanda-taylor.jpg,0,1,0%,16
https://macbrownflyfish.com/tag/text-learning/,0,1,0%,19
https://macbrownflyfish.com/tag/static-roll-cast/,0,1,0%,21
https://macbrownflyfish.com/wp-content/uploads/2015/04/wpid-20150404_172907.jpg,0,1,0%,23
https://macbrownflyfish.com/tag/czech-nymphing/,0,1,0%,24
https://macbrownflyfish.com/tag/william-hanneman/,0,1,0%,30
https://macbrownflyfish.com/wp-content/uploads/2018/04/connor-tuck-dh-brown-trout-bryson-city-nc.jpg,0,1,0%,34
https://macbrownflyfish.com/wp-content/uploads/2015/04/mayfly-spinners-fly-fishing-1024x768.jpg,0,1,0%,37
https://macbrownflyfish.com/category/learn-fly-fishing/,0,1,0%,46