Top queries,Clicks,Impressions,CTR,Position
fly fishing guide school,59,381,15.49%,4.83
fly fishing guide schools,9,89,10.11%,8.12
cassie spurling,5,107,4.67%,7.31
fishing guide school,4,46,8.7%,13.96
fly fishing school,3,64,4.69%,22.62
fly fishing school near me,3,24,12.5%,6.71
fly fishing classes near me,2,40,5%,7.83
fishing guide schools,2,21,9.52%,11.05
fly fishing lessons atlanta,1,52,1.92%,9.17
how to become a fly fishing guide,1,46,2.17%,14.52
mac brown fly fishing,1,36,2.78%,8.75
atlanta fly fishing school,1,35,2.86%,8.66
jason borger fly fishing,1,25,4%,18.68
fly fishing bryson city,1,19,5.26%,12.32
fishing oar,1,13,7.69%,9.46
fly fishing,1,9,11.11%,8.44
fly fishing instruction near me,1,7,14.29%,5.43
guide schools,1,2,50%,4
fly fishing guide,0,129,0%,34.52
raft oar setup,0,92,0%,12.09
bryson et casting,0,90,0%,62.26
jason borger,0,61,0%,13.69
river run angling fly fishing class reviews,0,52,0%,10.67
raft frame setup,0,52,0%,11.15
fly fishing lessons near me,0,50,0%,7.78
fly fishing schools,0,46,0%,29.3
fly fishing evolution,0,41,0%,16
fly fishing atlanta,0,36,0%,24.89
casting style,0,34,0%,7.88
boat oars,0,32,0%,1.19
fly fishing evo,0,32,0%,8.91
fly fishing atlanta ga,0,32,0%,25.47
oar frame,0,31,0%,8.26
fly fishing guide certification,0,30,0%,9.1
north carolina fly fishing guides,0,30,0%,21.27
best fly fishing guide schools,0,29,0%,7.14
fly fishing lessons,0,29,0%,26.9
entropy fish,0,26,0%,1
fly fishing guide north carolina,0,24,0%,15.04
oar frame raft,0,22,0%,7.5
georgia fly fishing guides,0,22,0%,41.23
fly fishing guides north carolina,0,21,0%,13.33
fishing classes near me,0,19,0%,12.89
fly fishing bryson city nc,0,19,0%,17.16
how to install oar rights,0,18,0%,40.44
fly fishing guide near me,0,17,0%,12.71
bryson city fly fishing,0,17,0%,14.41
north carolina fishing guide,0,16,0%,17.62
fishing school,0,15,0%,8.27
fly casting instruction,0,15,0%,12
best fly fishing schools,0,14,0%,6.57
bryson city nc fly fishing,0,14,0%,23.86
fly fishing guide school colorado,0,14,0%,24.36
fishing lessons atlanta,0,13,0%,10.69
learn to fly fish near me,0,13,0%,10.85
fly fishing instructor,0,13,0%,24.54
travel fly fishing schools,0,12,0%,20.33
"""field and stream"" promo code",0,12,0%,27.67
oar paddle,0,11,0%,1
fly fishing in bryson city nc,0,11,0%,24.55
fly fishing class near me,0,10,0%,8.7
fly fishing teacher,0,10,0%,52.9
fishing lessons near me,0,9,0%,9.67
fly fishing fishing guide nc,0,9,0%,17.78
sweetwater guide school,0,9,0%,19.89
bryson city fly shop,0,9,0%,20.67
north carolina guided trout fishing,0,9,0%,38.89
fly fishing classes near me for beginners,0,8,0%,7.62
american fly fishing brand online instructional courses,0,8,0%,7.88
fishing classes,0,8,0%,7.88
guide school,0,8,0%,8.25
how to get fly fishing evo,0,8,0%,10.25
rowing frame,0,8,0%,12.12
fly fishing evolution read online,0,8,0%,20.62
trout lessons,0,8,0%,67.38
fishing lessons,0,7,0%,9.71
michael bradley fly fishing,0,7,0%,12.86
nymphing fly fishing guide,0,7,0%,17.86
drop shot nymphing,0,7,0%,33.71
asheville fly fishing guides,0,7,0%,61.86
fly fishing training,0,6,0%,4.5
fly fishing course,0,6,0%,14.17
fly fishing classes,0,6,0%,14.33
atlanta fly fishing,0,6,0%,29
western nc fly fishing guides,0,6,0%,32.33
nrs raft frame setup,0,6,0%,38
fishing instructor,0,6,0%,39
bryson city nc fly shop,0,6,0%,41.17
american fly fishing brand online teaching courses,0,5,0%,8.2
fishing guide training,0,5,0%,8.2
bryson city fly fishing guides,0,5,0%,9.2
fly fishing schools near me,0,5,0%,14
fly fishing school.,0,5,0%,36.6
colorado fly fishing guide school,0,4,0%,1
martin droz,0,4,0%,1
saltwater fly fishing guide school,0,4,0%,5
fly fishing academy,0,4,0%,13
cassie spurling instagram latest,0,4,0%,15.25
flyfishing guide,0,4,0%,18
fly fish guide,0,4,0%,20.25
guided fly fishing north carolina,0,4,0%,22.75
fly fishing guides asheville nc,0,4,0%,40.25
fly fishing made easy read online,0,4,0%,67
fly casting lessons near me,0,3,0%,4.33
fly tying courses near me,0,3,0%,6
fishing course,0,3,0%,7
fly fishing guides,0,3,0%,9
flyfishing casting,0,3,0%,18.33
fishing guides universal casting tackle,0,3,0%,21
raft oar,0,3,0%,22.67
fly fishing the smokies bryson city nc,0,3,0%,26
fly shop bryson city,0,3,0%,27
fly fishing evolution pdf,0,3,0%,28.67
fly fishing in atlanta,0,3,0%,28.67
fishing in bryson city nc,0,3,0%,30.67
fly fishing instructors,0,3,0%,33
bryson city nc fishing,0,3,0%,33.33
saltwater fly fishing school,0,3,0%,40.67
fly fishing class,0,3,0%,46
fly fishing museum of the southern appalachians,0,3,0%,51.33
fly fishing guide to great smoky mountains national park,0,3,0%,69
best fly fishing in nc,0,3,0%,73.33
fly fishing the southeast coast read online,0,3,0%,93
boat ore,0,2,0%,1
oar fishing,0,2,0%,1
otter raft,0,2,0%,1
how to become a fishing guide,0,2,0%,3.5
"""applied controls"" ""fly fisherman""",0,2,0%,4
fly fishing lessons near me for beginners,0,2,0%,5
fishing school near me,0,2,0%,6
skool fishing,0,2,0%,6
fly fishing clubs near me,0,2,0%,7
guide school near me,0,2,0%,7.5
guided fly fishing near me,0,2,0%,8
fly fishing courses near me,0,2,0%,9.5
evo fly fishing,0,2,0%,10
american fly fishing brand online course,0,2,0%,10.5
guided fly fishing,0,2,0%,11.5
fly casting school,0,2,0%,16.5
atlanta trout fishing guide,0,2,0%,18
fly fishing guide atlanta,0,2,0%,19
learning to fly fish near me,0,2,0%,26.5
fishing guide certification,0,2,0%,28.5
bryson city fishing,0,2,0%,31
oar rig,0,2,0%,39.5
fly fishing guide highlands,0,2,0%,43.5
fly fishing lesson,0,2,0%,45
fly fishing guide ashville,0,2,0%,45.5
raft oar towers,0,2,0%,47
fly fishing courses,0,2,0%,51
fly fishing north carolina,0,2,0%,51.5
all american casting,0,2,0%,53.5
fly fishing the southeast coast,0,2,0%,94
boat oara,0,1,0%,1
boat oares,0,1,0%,1
boat ores,0,1,0%,1
boat orrs,0,1,0%,1
both,0,1,0%,1
center oar,0,1,0%,1
fly casting instructors near me,0,1,0%,1
fly fishing course near me,0,1,0%,1
kite surfing lessons for beginners near me,0,1,0%,1
long oar,0,1,0%,1
oar making,0,1,0%,1
oar paddles,0,1,0%,1
oar stoppers,0,1,0%,1
otter rafts,0,1,0%,1
paddle to row a boat,0,1,0%,1
fly fishing school april 23,0,1,0%,2
learn to fly fish near me for beginners,0,1,0%,5
more questions,0,1,0%,5
school of trout,0,1,0%,5
fly fishing camp,0,1,0%,6
fly fishing lesson near me,0,1,0%,6
fly teacher,0,1,0%,7
si,0,1,0%,7
fishing schools,0,1,0%,8
fly fishing guides near me,0,1,0%,9
fly fishing tuition,0,1,0%,9
fly tying classes near me,0,1,0%,9
professional fly fishing guide,0,1,0%,9
cassie spurling fly fishing,0,1,0%,10
fishing charter,0,1,0%,10
fishing classes for kids near me,0,1,0%,10
fly fishing courses for beginners,0,1,0%,10
fly fishing lessons knoxville tn,0,1,0%,10
flyfishing lessons,0,1,0%,10
types of fly casting,0,1,0%,10
american fly fishing brand online course series,0,1,0%,11
fishing lesson,0,1,0%,11
nrs oar towers,0,1,0%,11
fishing classes for adults,0,1,0%,12
fishing guide,0,1,0%,12
fishing guide atlanta ga,0,1,0%,12
how do you become a fishing guide,0,1,0%,12
learn how to fly fish near me,0,1,0%,12
where can i learn to fly fish near me,0,1,0%,12
how much is a fishing guide atlanta,0,1,0%,14
fly casting mechanism,0,1,0%,15
american fly fishing brand online courses,0,1,0%,16
fly fishing wilson creek nc,0,1,0%,16
river run angling class reviews fly fishing,0,1,0%,16
alaska fly fishing guide school,0,1,0%,17
atlanta fly fishing guide,0,1,0%,17
fishing bryson city nc,0,1,0%,19
guided fly fishing atlanta,0,1,0%,19
trout fishing bryson city nc,0,1,0%,20
oar mounts,0,1,0%,22
trout fishing bryson city,0,1,0%,22
rafting oar,0,1,0%,25
mac brown fly fish,0,1,0%,26
kids fishing lessons near me,0,1,0%,27
cast of style & substance,0,1,0%,30
fly fishing guide asheville nc,0,1,0%,31
oar raft,0,1,0%,33
drop shot nymphing rig,0,1,0%,34
fly fishing guides in north carolina,0,1,0%,36
fly fishing style,0,1,0%,36
jason borger fly casting,0,1,0%,36
bronte fly fishing school,0,1,0%,38
fly fishing museum bryson city,0,1,0%,41
nc fishing guides,0,1,0%,45
trout fishing guides north carolina,0,1,0%,45
usa youth fly fishing,0,1,0%,45
get schooled fishing camp,0,1,0%,46
allen fly fishing reviews,0,1,0%,48
dropshot fly,0,1,0%,49
fly-casting fundamentals,0,1,0%,53
style or substance,0,1,0%,55
oar tower,0,1,0%,59
fly fishing experience,0,1,0%,60
fly fishing programs,0,1,0%,62
how to attach oars to a canoe,0,1,0%,63
fly fishing lessons houston,0,1,0%,66
fly casting instructor,0,1,0%,68
best fly fishing in north carolina,0,1,0%,71
general fly fishing packing list,0,1,0%,72
raft rowing,0,1,0%,74
mel bryson,0,1,0%,75
nymphing,0,1,0%,81
fly casting for trout,0,1,0%,83
fly fishing guiding,0,1,0%,87
north georgia fly fishing guides,0,1,0%,87
fly fish cast,0,1,0%,92
oar on boat,0,1,0%,99