URL,Last crawled
https://macbrownflyfish.com/river-navigation-academy/,2026-06-06
https://macbrownflyfish.com/blog/instructional-methods-art-dry-fly-fishing/,2026-06-06
https://www.macbrownflyfish.com/blog/instructional-methods-art-dry-fly-fishing/,2026-06-06
https://macbrownflyfish.com/_next/static/css/3742cc576177de5f.css?dpl=dpl_BuwgcuQqUgbHdSmtidos1tLMtDyV,2026-06-05
https://macbrownflyfish.com/passive-leader-formulas.xls,2026-06-05
https://macbrownflyfish.com/tag/fly-fishing-philosophy/,2026-06-04
https://macbrownflyfish.com/_next/static/css/e27d90b82faae48b.css?dpl=dpl_38fT5ccGfbih3Wp6iiSBjfEuwMtK,2026-06-04
https://macbrownflyfish.com/tag/fly-fishing-stillwater/,2026-06-02
https://macbrownflyfish.com/_next/static/css/3742cc576177de5f.css?dpl=dpl_4UWr9JPKhKCC3Ln6RVVu1azavZnh,2026-06-02
https://macbrownflyfish.com/_next/static/css/f035bce8ecf00622.css?dpl=dpl_fBrtejJ6y2suvJSwzpwVtMGfr2T5,2026-06-02
https://macbrownflyfish.com/_next/static/css/3742cc576177de5f.css?dpl=dpl_DLLreZNP19N2yUu95fyV3zsnGau2,2026-06-02
https://macbrownflyfish.com/_next/static/css/c56ea85815c6e896.css?dpl=dpl_CBZSfAKxbus4fYAvVviXh8VH2UwJ,2026-06-01
https://macbrownflyfish.com/_next/static/css/3742cc576177de5f.css?dpl=dpl_GUB68j1Ham3ts82F1RNt5juUpbcH,2026-06-01
https://macbrownflyfish.com/_next/static/css/3742cc576177de5f.css?dpl=dpl_2MiRCpjC2KckuLVAtypvvDQNmn3e,2026-06-01
https://macbrownflyfish.com/furled-leaders.xls,2026-06-01
https://macbrownflyfish.com/_next/static/css/6a98fc0ac9505bbf.css?dpl=dpl_3MLTtcTJHnX2LJubgwiKudPuceJg,2026-06-01
https://macbrownflyfish.com/_next/static/css/e27d90b82faae48b.css?dpl=dpl_GJmx7is1MDhq7oLe9SVB56bAnGLc,2026-06-01
https://macbrownflyfish.com/_next/static/css/52f623609a8bafde.css?dpl=dpl_BrKXr1VTtgfvjxPdonXpQV6EDuiV,2026-06-01
https://macbrownflyfish.com/tag/conservation-of-energy/,2026-05-31
https://macbrownflyfish.com/tag/fly-casting-faults/,2026-05-31
https://macbrownflyfish.com/wp-content/uploads/2010/12/furled-leaders.xls,2026-05-31
https://macbrownflyfish.com/tag/lactic-acid/,2026-05-31
https://macbrownflyfish.com/cherokee-trophy-water,2026-05-30
https://macbrownflyfish.com/tag/fly-fishing-usa-youth-team/,2026-05-29
https://macbrownflyfish.com/tag/buff/,2026-05-29
https://macbrownflyfish.com/tag/text-learning/,2026-05-28
https://macbrownflyfish.com/tag/rod-acceleration/,2026-05-28
https://macbrownflyfish.com/nymph-fishing/learning-to-nymph-fish/amp/,2026-05-28
https://macbrownflyfish.com/tag/time-they-are-changing/,2026-05-28
https://macbrownflyfish.com/tag/march-browns/,2026-05-28
https://macbrownflyfish.com/tag/fly-fishing-highlands-nc/,2026-05-27
https://macbrownflyfish.com/learn-hooksets/learn-to-set-the-hook-fly-fishing-trout/amp/,2026-05-27
https://macbrownflyfish.com/tag/duncan-brown/feed/,2026-05-25
https://macbrownflyfish.com/tag/tapered-leader/feed/,2026-05-25
https://macbrownflyfish.com/tag/nymphing-leaders/,2026-05-25
https://macbrownflyfish.com/tag/hook-setting/feed/,2026-05-25
https://macbrownflyfish.com/category/smoky-mountain-lakes/feed/,2026-05-24
https://macbrownflyfish.com/tag/fluffy/feed/,2026-05-24
https://macbrownflyfish.com/category/fly-fishing-definitions/,2026-05-24
https://macbrownflyfish.com/tag/woody-woodruff/feed/,2026-05-23
https://macbrownflyfish.com/tag/northwest-ifff-conclave/feed/,2026-05-23
https://macbrownflyfish.com/tag/conscious-incompetence/,2026-05-23
https://macbrownflyfish.com/tag/acitive-presentations/feed/,2026-05-23
https://macbrownflyfish.com/tag/guided-wade-trip/feed/,2026-05-23
https://macbrownflyfish.com/tag/cree/feed/,2026-05-22
https://macbrownflyfish.com/category/trout-fishing-report-bryson-city-nc/feed/,2026-05-22
https://macbrownflyfish.com/tag/mickey-finn/feed/,2026-05-22
https://macbrownflyfish.com/tag/ifff-continuing-education/feed/,2026-05-22
https://macbrownflyfish.com/category/understanding-loop-shape-morphing/feed/,2026-05-21
https://macbrownflyfish.com/tag/gordy-hill/,2026-05-21
https://macbrownflyfish.com/tag/paul-arden/feed/,2026-05-21
https://macbrownflyfish.com/tag/polish-nymphing/feed/,2026-05-21
https://macbrownflyfish.com/tag/steve-rajeff/feed/,2026-05-21
https://macbrownflyfish.com/tag/streamers/feed/,2026-05-21
https://macbrownflyfish.com/fly-casting/top-ten-mcdonalds-fly-fishing-spoofs/amp/,2026-05-21
https://macbrownflyfish.com/tag/fly-fishing/page/2/,2026-05-20
https://macbrownflyfish.com/tag/river-fly-fishing-report/feed/,2026-05-20
https://macbrownflyfish.com/tag/abraham-lincoln/feed/,2026-05-20
https://macbrownflyfish.com/tag/rich-brostic/feed/,2026-05-20
https://macbrownflyfish.com/tag/grilse/,2026-05-19
https://macbrownflyfish.com/tag/smoky-mountains-trout-fishing/feed/,2026-05-19
https://macbrownflyfish.com/tag/rigging/,2026-05-19
https://macbrownflyfish.com/tag/rise-forms/feed/,2026-05-19
https://macbrownflyfish.com/tag/ernie-schwiebert/feed/,2026-05-18
https://macbrownflyfish.com/tag/swisher-richards/,2026-05-18
https://macbrownflyfish.com/tag/presentation/feed/,2026-05-17
https://macbrownflyfish.com/tag/presentation/,2026-05-17
https://macbrownflyfish.com/category/upper-nantahala-river-fly-fishing-report/feed/,2026-05-15
https://macbrownflyfish.com/tag/wet-fly-fishing/feed/,2026-05-13
https://macbrownflyfish.com/tag/lift/feed/,2026-05-13
https://macbrownflyfish.com/tag/dr-limming/feed/,2026-05-13
https://macbrownflyfish.com/tag/bear-lake/,2026-05-05
https://macbrownflyfish.com/tag/rigging-emergers/,2026-05-05
https://macbrownflyfish.com/tag/slack-leaders/,2026-05-02
https://macbrownflyfish.com/tag/fly-fishing-excuses/feed/,2026-05-02
https://macbrownflyfish.com/tag/fly-fishing-excuses/,2026-05-02
https://macbrownflyfish.com/tag/proactive/,2026-04-30
https://macbrownflyfish.com/tag/vector-pull-method/feed/,2026-04-30
https://macbrownflyfish.com/tag/haul-animation/,2026-04-28
https://macbrownflyfish.com/tag/dissolved-oxygen/,2026-04-28
https://macbrownflyfish.com/tag/negative-curves/,2026-04-27
https://macbrownflyfish.com/tag/modulus/,2026-04-23
https://macbrownflyfish.com/tag/tippet/,2026-04-20
https://macbrownflyfish.com/tag/jerk/,2026-04-18
https://macbrownflyfish.com/tag/ffi-casting-certification/feed/,2026-04-17
https://macbrownflyfish.com/category/learn-fly-fishing/feed/,2026-04-17
https://macbrownflyfish.com/tag/fontana-lake/feed/,2026-04-16
https://macbrownflyfish.com/tag/fontana-lake/,2026-04-16
https://macbrownflyfish.com/tag/d-loop/feed/,2026-04-16
https://macbrownflyfish.com/category/line-retrieval-methods/feed/,2026-04-15
https://macbrownflyfish.com/tag/delayed-rod-rotation/feed/,2026-04-15
https://macbrownflyfish.com/category/line-retrieval-methods/,2026-04-15
https://macbrownflyfish.com/category/learn-fly-fishing/,2026-04-15
https://macbrownflyfish.com/tag/westminster-college/feed/,2026-04-15
https://macbrownflyfish.com/tag/euro-nymphing/feed/,2026-04-15
https://macbrownflyfish.com/tag/delayed-rod-rotation/,2026-04-15
https://macbrownflyfish.com/category/fly-line-double-haul/feed/,2026-04-15
https://macbrownflyfish.com/category/fly-line-double-haul/,2026-04-15
https://macbrownflyfish.com/tag/delayed-harvest-nantahala-river/,2026-04-13
https://macbrownflyfish.com/tag/mend/feed/,2026-04-12
https://macbrownflyfish.com/tag/tight-line-nymph-fishing/feed/,2026-04-11
https://macbrownflyfish.com/tag/tight-line-nymph-fishing/,2026-04-11
https://macbrownflyfish.com/tag/tempo/,2026-04-11
https://macbrownflyfish.com/tag/fishing-report-tuckasegee-river/feed/,2026-04-10
https://macbrownflyfish.com/tag/lobbing/,2026-04-09
https://macbrownflyfish.com/tag/thorax/feed/,2026-04-08
https://macbrownflyfish.com/category/smoky-mountain-lakes/,2026-04-08
https://macbrownflyfish.com/tag/french-nymphing/feed/,2026-04-07
https://macbrownflyfish.com/testimonials/kudos/amp/,2026-04-07
https://macbrownflyfish.com/tag/collar/,2026-04-06
https://macbrownflyfish.com/tag/complex-hatch/feed/,2026-04-06
https://macbrownflyfish.com/tag/tinsel/,2026-04-05
https://macbrownflyfish.com/tag/rocks/,2026-04-05
https://macbrownflyfish.com/tag/fly-casting-tracking/feed/,2026-04-04
https://macbrownflyfish.com/tag/fly-fishing-sculpin-patterns/feed/,2026-04-04
https://macbrownflyfish.com/tag/trout-fishing-streamers/feed/,2026-04-04
https://macbrownflyfish.com/tag/fly-fishing-lochs/,2026-04-04
https://macbrownflyfish.com/fly-fishing-guide-trips-north-carolina/destination-trips/,2026-04-03
http://macbrownflyfish.com/?page_id=43,2026-04-03
http://macbrownflyfish.com/services/wade-fishing,2026-04-02
https://macbrownflyfish.com/tag/what-to-expect-fly-fishing/,2026-04-02
https://macbrownflyfish.com/tag/sharpening-hooks/feed/,2026-04-02
https://macbrownflyfish.com/tag/knot-breaking-strength/feed/,2026-04-02
https://macbrownflyfish.com/fly-fishing-guide-trips-north-carolina/?amp,2026-04-02
https://macbrownflyfish.com/tag/positive-acceleration/,2026-04-01
https://macbrownflyfish.com/category/deep-creek-trout-fishing-report/feed/,2026-04-01
http://macbrownflyfish.com/fly-casting-instruction/,2026-03-31
https://macbrownflyfish.com/fly-fishing-guide-trips-north-carolina/float-trips/,2026-03-31
https://macbrownflyfish.com/tag/spawn/feed/,2026-03-29
https://macbrownflyfish.com/tag/rod-stiffness/feed/,2026-03-29
https://macbrownflyfish.com/tag/dragonfly/feed/,2026-03-29
https://macbrownflyfish.com/tag/dry-magic/feed/,2026-03-29
https://macbrownflyfish.com/tag/rod-flex/feed/,2026-03-29
https://macbrownflyfish.com/tag/cone-head/feed/,2026-03-29
https://macbrownflyfish.com/tag/guy-deloach/feed/,2026-03-28
https://macbrownflyfish.com/category/fly-fishing-nantahala-river/feed/,2026-03-28
https://macbrownflyfish.com/tag/jon-dietz/feed/,2026-03-28
https://macbrownflyfish.com/tag/riffle/feed/,2026-03-28
https://macbrownflyfish.com/tag/wall-street-journal/feed/,2026-03-28
https://macbrownflyfish.com/tag/charlie-craven/feed/,2026-03-28
https://macbrownflyfish.com/tag/float-tube/feed/,2026-03-28
https://macbrownflyfish.com/tag/wodonga/feed/,2026-03-28
https://macbrownflyfish.com/tag/fly-leg-of-the-loop/feed/,2026-03-28
https://macbrownflyfish.com/tag/delayed-harvest-nc/feed/,2026-03-28
https://macbrownflyfish.com/tag/sunset-line-company/feed/,2026-03-28
https://macbrownflyfish.com/tag/trout-fishing-bryson-city/feed/,2026-03-28
https://macbrownflyfish.com/tag/cdc-puff-dries/feed/,2026-03-28
https://macbrownflyfish.com/tag/momentum/feed/,2026-03-28
https://macbrownflyfish.com/tag/natural/feed/,2026-03-28
https://macbrownflyfish.com/tag/nymph-fishing/feed/,2026-03-28
https://macbrownflyfish.com/tag/casting-stroke/feed/,2026-03-28
https://macbrownflyfish.com/tag/midges/feed/,2026-03-28
https://macbrownflyfish.com/tag/fly-fishing-regression/feed/,2026-03-28
https://macbrownflyfish.com/tag/gape/feed/,2026-03-28
https://macbrownflyfish.com/tag/tailing-rise/feed/,2026-03-28
https://macbrownflyfish.com/tag/upwind/feed/,2026-03-28
https://macbrownflyfish.com/tag/umpqua-featehr-merchants/,2026-03-28
https://macbrownflyfish.com/tag/counterflex/feed/,2026-03-28
https://macbrownflyfish.com/tag/duncan-brown/,2026-03-28
https://macbrownflyfish.com/tag/clown-caddis/feed/,2026-03-28
https://macbrownflyfish.com/tag/lessons-fly-fishing-for-beginners/feed/,2026-03-28
https://macbrownflyfish.com/tag/tuck-cast/feed/,2026-03-27
https://macbrownflyfish.com/wp-content/uploads/2018/01/fly-rod-study-results-wcu-1996.ods,2026-03-27
https://macbrownflyfish.com/tag/fly-fisherman-magazine/feed/,2026-03-27
https://macbrownflyfish.com/tag/quill-gordon/feed/,2026-03-27
https://macbrownflyfish.com/tag/hatch/,2026-03-27
https://macbrownflyfish.com/tag/midge/feed/,2026-03-27
https://macbrownflyfish.com/tag/rex-gudgel/,2026-03-27
https://macbrownflyfish.com/tag/mid-arbor/feed/,2026-03-27
https://macbrownflyfish.com/tag/soft-hackles/feed/,2026-03-27
https://macbrownflyfish.com/tag/tip-weight-of-fly-rods/feed/,2026-03-27
https://macbrownflyfish.com/tag/anti-reverse-reel/feed/,2026-03-27
https://macbrownflyfish.com/tag/catch-and-release/,2026-03-27
https://macbrownflyfish.com/tag/terrestrial-fishing/,2026-03-27
https://macbrownflyfish.com/tag/vise/feed/,2026-03-27
https://macbrownflyfish.com/tag/grid/feed/,2026-03-27
https://macbrownflyfish.com/tag/hanak-jig-hook/feed/,2026-03-27
https://macbrownflyfish.com/tag/cdc/feed/,2026-03-27
https://macbrownflyfish.com/tag/kype/feed/,2026-03-27
https://macbrownflyfish.com/tag/dynamic-roll-cast/feed/,2026-03-27
https://macbrownflyfish.com/tag/accuracy-casting/feed/,2026-03-27
https://macbrownflyfish.com/tag/modality-study/feed/,2026-03-27
https://macbrownflyfish.com/fly-casting/roll-cast-efficiency/?utm_source=rss&utm_medium=rss&utm_campaign=roll-cast-efficiency&noamp=mobile,2026-03-26
https://macbrownflyfish.com/fly-casting/learn-to-cast-a-switch-rod/?noamp=mobile,2026-03-26
https://macbrownflyfish.com/tag/mangus-angus/feed/,2026-03-26
https://macbrownflyfish.com/tag/blood-knot/feed/,2026-03-26
https://macbrownflyfish.com/tag/hackle/feed/,2026-03-26
https://macbrownflyfish.com/tag/creel-survey-ncwrc/feed/,2026-03-26
https://macbrownflyfish.com/tag/translatory-motion/feed/,2026-03-26
https://macbrownflyfish.com/tag/fry/feed/,2026-03-26
https://macbrownflyfish.com/tag/daiwl-bach/feed/,2026-03-26
https://macbrownflyfish.com/tag/furnace/feed/,2026-03-26
https://macbrownflyfish.com/tag/blue-winged-olive/feed/,2026-03-26
http://macbrownflyfish.com/fly-fishing-guided-trips/wade-fishing/,2026-03-26
https://macbrownflyfish.com/tag/dave-dozer/,2026-03-26
https://macbrownflyfish.com/tag/maxima-chameleon/,2026-03-26
https://macbrownflyfish.com/tag/reading-water/feed/,2026-03-26
https://macbrownflyfish.com/blog-post/page/1/,2026-03-26
https://macbrownflyfish.com/tag/fly-fishing-glossary/feed/,2026-03-26
https://macbrownflyfish.com/tag/conscious-competence/feed/,2026-03-26
https://macbrownflyfish.com/tag/temps-for-trout-fishing/,2026-03-26
https://macbrownflyfish.com/tag/learning-to-trout-fish/feed/,2026-03-26
https://macbrownflyfish.com/blog-post/page/16/,2026-03-26
https://macbrownflyfish.com/tag/teaching-fly-casting/,2026-03-26
https://macbrownflyfish.com/tag/christopher-rownes/,2026-03-25
https://macbrownflyfish.com/blog-post/page/21/,2026-03-25
https://macbrownflyfish.com/tag/birds-nest/feed/,2026-03-25
https://macbrownflyfish.com/blog-post/page/26/,2026-03-25
https://macbrownflyfish.com/tag/mudler-minnow/feed/,2026-03-25
https://macbrownflyfish.com/tag/fly-casting-evolution/feed/,2026-03-25
https://macbrownflyfish.com/tag/cataraft/,2026-03-25
https://macbrownflyfish.com/fly-fishers-international-conclave/northwest-expo-albany-oregon/amp/,2026-03-25
https://macbrownflyfish.com/tag/hares-ear-nymph/,2026-03-25
https://macbrownflyfish.com/tag/mechanics/,2026-03-25
https://macbrownflyfish.com/fly-fishers-international-conclave/northwest-expo-albany-oregon/,2026-03-25
https://macbrownflyfish.com/tag/joe-humprey/feed/,2026-03-25
https://macbrownflyfish.com/blog-post/page/5/,2026-03-25
https://macbrownflyfish.com/tag/floatant/feed/,2026-03-25
https://macbrownflyfish.com/tag/polish-nymph-fishing/,2026-03-25
https://macbrownflyfish.com/tag/bob-fly/,2026-03-25
https://macbrownflyfish.com/tag/pull-back/,2026-03-25
https://macbrownflyfish.com/fly-casting/just-do-it-commit-to-your-fly-fishing-journey/amp/,2026-03-25
https://macbrownflyfish.com/tag/hook-shank/feed/,2026-03-25
https://macbrownflyfish.com/tag/robert-frost/feed/,2026-03-25
https://macbrownflyfish.com/tag/master-fly-casting-instructors/feed/,2026-03-25
https://macbrownflyfish.com/tag/fly-casting/feed/,2026-03-25
https://macbrownflyfish.com/tag/certified-instuctors/feed/,2026-03-25
http://macbrownflyfish.com/equipment/leaders,2026-03-24
http://macbrownflyfish.com/fly-line-study/learn-leader-construction/,2026-03-24
http://macbrownflyfish.com/contact-fly-fishing-guided-trips-bryson-city/,2026-03-22
https://macbrownflyfish.com/understanding-loop-shape-morphing/fly-line-loops-accuracy//1000,2026-03-22
https://macbrownflyfish.com/understanding-loop-shape-morphing/fly-line-loops-accuracy/?utm_source=rss&utm_medium=rss&utm_campaign=fly-line-loops-accuracy,2026-03-22
http://macbrownflyfish.com/fly-fishing-line-retrieval-techniques/,2026-03-22
https://macbrownflyfish.com/?cat=647,2026-03-21
https://macbrownflyfish.com/fly-tying/,2026-03-21
https://macbrownflyfish.com/kids-trout-fishing-trips//1000,2026-03-21
https://macbrownflyfish.com/learning-to-fly-fish/learn-crack-code-trout-fishing/,2026-03-21
https://macbrownflyfish.com/understanding-loop-shape-morphing/fly-line-loops-accuracy/1000,2026-03-21
https://macbrownflyfish.com/services/destination-trips/,2026-03-21
https://macbrownflyfish.com/fly-fishing-guide-school,2026-03-21
https://macbrownflyfish.com/tag/achieve-excellence/feed/,2026-03-21
https://macbrownflyfish.com/tag/four-stages-of-successful-training/feed/,2026-03-21
https://macbrownflyfish.com/tag/unconscious-competence/feed/,2026-03-20
https://macbrownflyfish.com/fly-casting/successful-training/?utm_source=rss&utm_medium=rss&utm_campaign=successful-training,2026-03-20
https://macbrownflyfish.com/fly-casting/fly-fishing-four-stages-of-successful-training/,2026-03-20
https://macbrownflyfish.com/fly-casting/successful-training/?utm_source=rss&utm_medium=rss&utm_campaign=successful-training&amp,2026-03-20
https://macbrownflyfish.com/fly-casting/roll-cast-efficiency/?utm_source=rss&utm_medium=rss&utm_campaign=roll-cast-efficiency&amp,2026-03-20
https://macbrownflyfish.com/tag/x-system-for-tippets/,2026-03-20
https://macbrownflyfish.com/tag/carl-richards/,2026-03-20
https://macbrownflyfish.com/tag/spring-creek/,2026-03-19
https://macbrownflyfish.com/tag/the-road-not-taken/,2026-03-19
https://macbrownflyfish.com/tag/blob-mop/,2026-03-19
http://macbrownflyfish.com/fly-fishing-guided-trips/guided-float-trips/,2026-03-18
http://macbrownflyfish.com/?page_id=36,2026-03-18
https://macbrownflyfish.com/fly-casting/roll-cast-efficiency/?utm_source=rss&utm_medium=rss&utm_campaign=roll-cast-efficiency,2026-03-18
https://macbrownflyfish.com/tag/hemostat/,2026-03-17
https://macbrownflyfish.com/line-retrieval-methods/learning-the-double-haul/,2026-03-17
https://macbrownflyfish.com/reservation-form/?amp,2026-03-17
https://macbrownflyfish.com/western-north-carolinas-best-fly-fishing-trips/,2026-03-15
https://macbrownflyfish.com/fly-fishing-smokies/fly-fishing-tips-catch-more-winter-trout,2026-03-15
http://macbrownflyfish.com/?page_id=2,2026-03-13
http://macbrownflyfish.com/fly-fishing-guided-trips/destination-trips/,2026-03-12
https://macbrownflyfish.com/fly-casting/understand-rod-acceleration/?utm_source=rss&utm_medium=rss&utm_campaign=understand-rod-acceleration&amp,2026-03-12
https://macbrownflyfish.com/kids-trout-fishing-trips/1000,2026-03-11
http://macbrownflyfish.com/fly-line-study/learning-the-double-haul/,2026-03-11
http://macbrownflyfish.com/setting-the-hook/improve-tracking-fly-casting-accuracy/,2026-03-11
https://macbrownflyfish.com/fly-rod-attributes/understanding-fly-rod-actions-modulus-rod-feel-dampening/1000,2026-03-11
https://macbrownflyfish.com/fly-casting/learn-leader-construction/,2026-03-11
http://macbrownflyfish.com/streamer-fishing/streamer-fishing-the-nantahala-river2/,2026-03-11
http://macbrownflyfish.com/fly-fishing-guided-trips/fly-fishing-schools,2026-03-11
https://macbrownflyfish.com/nymph-fishing/learning-to-nymph-fish/?noamp=mobile,2026-03-11
https://macbrownflyfish.com/nymph-fishing/learning-to-nymph-fish/?amp,2026-03-11
https://macbrownflyfish.com/fly-fishing-techniques/get-drag-free-drift-fly-fishing/?noamp=mobile,2026-03-10
https://macbrownflyfish.com/streamer-fishing/nantahala-river-streamer-fishing,2026-03-10
https://macbrownflyfish.com/hauling-the-fly-line/learning-the-double-haul/,2026-03-09
https://macbrownflyfish.com/tag/frogs-fanny/,2026-03-09
http://macbrownflyfish.com/dry-fly-fishing/thoughts-on-dry-fly-fishing2/,2026-03-09
http://macbrownflyfish.com/fishing-reports/,2026-03-08
https://macbrownflyfish.com/fly-fishing-guide-trips-north-carolina/fly-fishing-lake-trips/?noamp=mobile,2026-03-08
https://macbrownflyfish.com/nc-oar-frame-rowing-school-smokies/?noamp=mobile,2026-03-08
https://macbrownflyfish.com/fly-casting/learn-curve-casts/?noamp=mobile,2026-03-08
https://macbrownflyfish.com/learning-to-fly-fish/fall-fly-fishing-invasion-north-carolina/,2026-03-08
https://macbrownflyfish.com/casting-angles/?noamp=mobile,2026-03-07
https://macbrownflyfish.com/trout-fishing-nc.../best-trout-fishing-seasons-smokies/,2026-03-07
http://macbrownflyfish.com/cherokee-trophy-water-fly-fishing-guided-wade-trips,2026-03-07
https://macbrownflyfish.com/cherokee-trophy-water-fly-fishing-guided-wade-trips/?noamp=mobile,2026-03-06
https://macbrownflyfish.com/fly-fishing-nantahala-river/creel-study-for-upper-nantahala-river-1996/amp/,2026-03-06
https://macbrownflyfish.com/tag/delayed-harvest-water-bryson-city/feed/,2026-03-06
https://macbrownflyfish.com/fly-casting/learn-curve-casts/?amp,2026-03-05
http://macbrownflyfish.com/trout-fishing-nc-destinations/deep-creek-fishing-report/,2026-03-05
http://macbrownflyfish.com/franklin-nc-guided-trout-fishing-trips/,2026-03-04
https://macbrownflyfish.com/fly-rod-attributes/understanding-fly-rod-actions-modulus-rod-feel-dampening//1000,2026-03-04
http://macbrownflyfish.com/fly-fishing-techniques/deep-creek-fishing-report/,2026-03-04
http://macbrownflyfish.com/casting-terms,2026-03-04
http://macbrownflyfish.com/fly-fishing-shows/articulated-sculpin/,2026-03-04
http://macbrownflyfish.com/fly-casting-terms/fly-casting-definitions/,2026-03-04
https://macbrownflyfish.com/fly-casting-terms/fly-casting-definitions-glossary-terminology/?utm_source=rss&utm_medium=rss&utm_campaign=fly-casting-definitions-glossary-terminology,2026-03-04
http://macbrownflyfish.com/?page_id=77,2026-03-04
http://macbrownflyfish.com/tuckasegee-river-fly-fishing/tuckasegee-fly-fishing-report/,2026-03-02
http://macbrownflyfish.com/fly-fishing-techniques/highlands-nc-fly-fishing-guide/,2026-03-02
https://macbrownflyfish.com/certified-fly-casting-instructor-training-schools/?amp,2026-03-02
https://macbrownflyfish.com/highlands-nc-fly-fishing-trips,2026-03-01
http://macbrownflyfish.com/about,2026-03-01
http://macbrownflyfish.com/about-mb/bio/,2026-03-01
https://macbrownflyfish.com/nantahala-river-fly-fishing-guided-float-fishing-wade-trips,2026-02-28
https://macbrownflyfish.com/tuckasegee-river-fly-fishing-guided-float-wade-trips-delayed-harvest/?noamp=mobile,2026-02-28
http://macbrownflyfish.com/trout-fishing-report-bryson-city-nc/epic-trout-fishing-may-bryson-city-nc,2026-02-28
https://macbrownflyfish.com/fly-casting/standardization-in-fly-casting-today/,2026-02-28
https://macbrownflyfish.com/?cat=-1,2026-02-27
https://macbrownflyfish.com/?cat,2026-02-27
http://macbrownflyfish.com/smoky-mountains-trout-fishing-guide/fly-fishing-reports/,2026-02-27
https://macbrownflyfish.com/streamer-fishing/articulated-sculpin/?amp,2026-02-27
http://macbrownflyfish.com/fly-fishing-guided-trips/fly-casting-instruction/,2026-02-27
https://macbrownflyfish.com/services/mcleods-highland-fly-fishing,2026-02-26
https://macbrownflyfish.com/mcleods-highland-fly-fishing/?mobile_override=mobile,2026-02-26
http://macbrownflyfish.com/setting-the-hook/tuckasegee-fly-fishing-report/,2026-02-26
http://macbrownflyfish.com/mcleods-highland-fly-fishing,2026-02-26
https://macbrownflyfish.com/fly-fishing-guide-school/?noamp=mobile,2026-02-26
https://macbrownflyfish.com/tuckasegee-river-fly-fishing-guided-float-wade-trips-delayed-harvest,2026-02-26
https://macbrownflyfish.com/mac-brown-fly-fish-trucker-hats/?noamp=mobile,2026-02-26
http://macbrownflyfish.com/trout-fishing-back-country-trips/,2026-02-26
https://macbrownflyfish.com/deep-creek-trout-fishing-report/deep...,2026-02-26
https://macbrownflyfish.com/smoky-mountain-lakes/learn-catch-trout-fly-fishing-lakes-stillwaters-ponds-lochs/?utm_source=rss&utm_medium=rss&utm_campaign=learn-catch-trout-fly-fishing-lakes-stillwaters-ponds-lochs&amp,2026-02-25
http://macbrownflyfish.com/setting-the-hook/barbless-hooks-increase-your-catch/,2026-02-25
https://macbrownflyfish.com/dry-fly-fishing/forced-turnover-versus-pulling-the-rod-through-in-fly-casting/,2026-02-25
https://macbrownflyfish.com/smoky-mountain-lakes/learn-catch-trout-fly-fishing-lakes-stillwaters-ponds-lochs/?utm_source=rss&utm_medium=rss&utm_campaign=learn-catch-trout-fly-fishing-lakes-stillwaters-ponds-lochs,2026-02-25
https://macbrownflyfish.com/elite-angler-boot-camp/,2026-02-25
http://macbrownflyfish.com/?cat=262,2026-02-25
http://macbrownflyfish.com/fly-fishing-lake-trips/,2026-02-25
https://macbrownflyfish.com/learning-to-fly-fish/learn-fly-fish-nc-poem/,2026-02-25
http://macbrownflyfish.com/about-mb/bio,2026-02-25
https://macbrownflyfish.com/testimonials,2026-02-25
http://macbrownflyfish.com/learning-to-fly-fish/learn-to-fly-fish-from-a-poem/,2026-02-25
http://macbrownflyfish.com/fly-fishing-guided-trips/fly-fishing-schools/,2026-02-25
http://macbrownflyfish.com/?page_id=50,2026-02-25
http://macbrownflyfish.com/fly-casting-terms/fly-fishing-line-retrieval-techniques/,2026-02-25
http://macbrownflyfish.com/line-retrieval/,2026-02-25
https://macbrownflyfish.com/fly-fishing-specialty-classes-show-itinerary-2020/?amp,2026-02-25
https://macbrownflyfish.com/fly-fishing-specialty-classes-show-itinerary-2020/,2026-02-25
https://macbrownflyfish.com/nantahala-river-fly-fishing-guided-float-fishing-wade-trips/?noamp=mobile,2026-02-25
https://macbrownflyfish.com/fly-rod-attributes/understanding-fly-rod-balance-swing-,2026-02-25
http://macbrownflyfish.com/fly-casting-definitions/,2026-02-25
https://macbrownflyfish.com/tag/team-usa-youth-fly-fishing-team/,2026-02-24
http://macbrownflyfish.com/fly-casting/tuckasegee-fly-fishing-report/,2026-02-24
https://macbrownflyfish.com/tag/flurocarbon/,2026-02-24
https://macbrownflyfish.com/tag/tactile-learning/feed/,2026-02-23
https://macbrownflyfish.com/franklin-nc-fly-fishing-guide-trips/?noamp=mobile,2026-02-23
https://macbrownflyfish.com/tag/delayed-harvest-tuckasegee/feed/,2026-02-23
https://macbrownflyfish.com/tag/delayed-harvest-tuckasegee/,2026-02-22
http://macbrownflyfish.com/setting-the-hook/learn-to-set-the-hook-fly-fishing-trout/,2026-02-21
http://macbrownflyfish.com/fly-casting/learn-to-set-the-hook-fly-fishing-trout/,2026-02-21
https://macbrownflyfish.com/category/kudos/,2026-02-21
http://macbrownflyfish.com/learn-to-fly-fish,2026-02-21
https://macbrownflyfish.com/fly-casting/understanding-loop-plane/?noamp=mobile,2026-02-21
https://macbrownflyfish.com/tag/trout-unlimited/,2026-02-21
https://macbrownflyfish.com/fly-casting/standardization-in-fly-casting-today/amp/,2026-02-20
http://macbrownflyfish.com/kudos/,2026-02-20
https://macbrownflyfish.com/fly-casting/5-essentials-of-fly-casting/,2026-02-20
https://macbrownflyfish.com/fly-casting/standardization-fly-casting/?utm_source=rss&utm_medium=rss&utm_campaign=standardization-fly-casting,2026-02-20
https://macbrownflyfish.com/fly-fishing-nantahala-river/nantahala-river-fly-fishing-report,2026-02-20
https://macbrownflyfish.com/fly-fishing-nantahala-river/nantahala-river-fly-fishing-report/?amp,2026-02-20
http://macbrownflyfish.com/learning-to-fly-fish/nantahala-river-fly-fishing-report/,2026-02-20
http://macbrownflyfish.com/teaching-fly-casting/learn-fly-fish-black-caddis-hatch-tuckasegee-river/,2026-02-20
http://macbrownflyfish.com/fly-line-study/learn-fly-fish-black-caddis-hatch-tuckasegee-river/,2026-02-20
http://macbrownflyfish.com/ifff-conclave/fly-casting-instruction/,2026-02-19
http://macbrownflyfish.com/streamer-fishing/fly-casting-instruction/,2026-02-19
https://macbrownflyfish.com/bryson-city-area-hatch-report,2026-02-19
https://macbrownflyfish.com/tag/hook/,2026-02-19
http://macbrownflyfish.com/m/tuckasegee-river-fly-fishing/learn-fly-fish-black-caddis-hatch-tuckasegee-river/,2026-02-19
https://macbrownflyfish.com/deep-creek-trout-fishing-report/highlands-nc-fly-fishing-guide/,2026-02-18
https://macbrownflyfish.com/fly-casting/learn-to-make-a-roll-cast-fly-fishing/?amp,2026-02-18
https://macbrownflyfish.com/smoky-mountain-weekend-fly-fishing-schools/?noamp=mobile,2026-02-16
https://macbrownflyfish.com/fly-casting/understand-rod-loading/,2026-02-15
http://macbrownflyfish.com/lake-guided-fly-fishing-trips/,2026-02-15
http://macbrownflyfish.com/?page_id=127,2026-02-15
https://macbrownflyfish.com/tag/the-loop-publication/,2026-02-15
http://macbrownflyfish.com/?cat=155,2026-02-15
http://macbrownflyfish.com/fly-casting-terms/casting-model/,2026-02-14
http://macbrownflyfish.com/dry-fly-fishing/improve-tracking-fly-casting-accuracy/,2026-02-13
https://macbrownflyfish.com/nymph-fishing/learn-tight-line-techniques-euro-nymphing/?noamp=mobile,2026-02-13
https://macbrownflyfish.com/wnc-fly-fishing-trail,2026-02-13
https://macbrownflyfish.com/fly-casting/learn-to-make-a-roll-cast-fly-fishing/1000,2026-02-13
https://macbrownflyfish.com/fly-casting/forced-turnover-versus-pulling-the-rod-t,2026-02-13
https://macbrownflyfish.com/fly-casting/understand-rod-acceleration/?utm_source=rss&utm_medium=rss&utm_campaign=understand-rod-acceleration,2026-02-13
https://macbrownflyfish.com/beginner-fly-fishing-lessons-courses-school-instruction-trout-fishing-bryson-city-nc/?noamp=mobile,2026-02-13
https://macbrownflyfish.com/kids-trout-fishing-trips/?noamp=mobile,2026-02-13
https://macbrownflyfish.com/fly-casting/understanding-loop-plane/?amp,2026-02-10
https://macbrownflyfish.com/tag/flies-for-the-smokies/feed/,2026-02-10
https://macbrownflyfish.com/?cat=807,2026-02-07
http://macbrownflyfish.com/trout-fishing-nc,2026-02-06
https://macbrownflyfish.com/tag/bucktail/,2026-02-06
http://macbrownflyfish.com/group-corporate-fly-fishing-trips/,2026-02-06
https://macbrownflyfish.com/tag/ghillie/,2026-02-05
https://macbrownflyfish.com/tag/positive-force-cast/feed/,2026-02-05
https://macbrownflyfish.com/tag/cheoah-lake/,2026-01-31
https://macbrownflyfish.com/tag/snap-cast/,2026-01-28
https://macbrownflyfish.com/about-mac-brown-fly-fish/?noamp=mobile,2026-01-27
https://macbrownflyfish.com/category/nymph-fishing/feed/,2026-01-27
https://macbrownflyfish.com/tag/parachute-adams/,2026-01-22
https://macbrownflyfish.com/fly-line-study/comprehensive-university-fly-line-study/amp/,2026-01-15
https://macbrownflyfish.com/fly-fishing-guided-trips/,2026-01-05
http://macbrownflyfish.com/teaching-fly-casting/myths-on-rods-and-tippet-for-fly-fishing/,2026-01-04
http://macbrownflyfish.com/tuckasegee-river-fly-fishing/upper-nantahala-river-fly-fishing-report/,2026-01-04
https://macbrownflyfish.com/fly-fishing-guide-trips-north-carolina/?noamp=mobile,2026-01-02
http://macbrownflyfish.com/nymph-fishing/a-few-thoughts-on-streamer-fishing/,2026-01-02
https://macbrownflyfish.com/tag/pull-back/feed/,2026-01-02
https://macbrownflyfish.com/nymph-fishing/learn-tight-line-techniques-euro-nymphing/?amp,2026-01-01
http://macbrownflyfish.com/learning-to-fly-fish/upper-nantahala-river-fly-fishing-report/,2026-01-01
https://macbrownflyfish.com/fly-fishing-techniques/get-drag-free-drift-fly-fishing/?amp,2025-12-30
https://macbrownflyfish.com/tag/mel-kreiger/,2025-12-15
https://macbrownflyfish.com/dry-fly-fishing/instructional-methods-art-dry-fly-fishing/,2025-11-04
https://macbrownflyfish.com/smoky-mountain-trout-fishing/stewards-of-the-river-or-pillagers/amp/,2025-09-10
https://macbrownflyfish.com/tag/gary-taylor/,2025-08-29
https://macbrownflyfish.com/fly-fishing-trips-north-carolina/?amp,2025-07-20
https://macbrownflyfish.com/creel-study-for-upper-nantahala-river-1996/,2023-09-22
http://macbrownflyfish.com/creel-study-for-upper-nantahala-river-1996/,2023-09-22